{"age":26.1556022409,"g":42.7952380952,"gs":20.2212885154,"mp":977.3543417367,"fg":160.7096638655,"fga":349.0780112045,"fg_percent":0.4407831121,"x3p":42.0511204482,"x3pa":117.2343137255,"x3p_percent":0.3055735837,"x2p":118.6585434174,"x2pa":231.843697479,"x2p_percent":0.493991593,"e_fg_percent":0.4979755719,"ft":70.3275910364,"fta":91.6432773109,"ft_percent":0.7385089847,"orb":42.1023809524,"drb":134.6546218487,"trb":176.7570028011,"ast":95.88767507,"stl":30.9197478992,"blk":19.6777310924,"tov":54.8014005602,"pf":80.9095238095,"pts":433.7980392157,"avg_dist_fga":13.1904405535,"percent_fga_from_x2p_range":0.6531436035,"percent_fga_from_x0_3_range":0.2911476984,"percent_fga_from_x3_10_range":0.1737798644,"percent_fga_from_x10_16_range":0.085554928,"percent_fga_from_x16_3p_range":0.1026051963,"percent_fga_from_x3p_range":0.346862327,"fg_percent_from_x2p_range":0.493991593,"fg_percent_from_x0_3_range":0.635839912,"fg_percent_from_x3_10_range":0.3755225145,"fg_percent_from_x10_16_range":0.3749306277,"fg_percent_from_x16_3p_range":0.356419153,"fg_percent_from_x3p_range":0.3055735837,"percent_assisted_x2p_fg":0.5433474589,"percent_assisted_x3p_fg":0.8687745824,"percent_dunks_of_fga":0.0628243434,"num_of_dunks":16.9166666667,"percent_corner_3s_of_3pa":0.2656002155,"corner_3_point_percent":0.3484770469,"num_heaves_attempted":0.737394958,"num_heaves_made":0.0177871148}